
-- Database Backup --
-- Ver. : 1.0.1
-- Host : Server Host
-- Generating Time : Oct 25, 2023 at 11:31:33:AM


CREATE TABLE `bayar` (
  `id_bayar` int(10) NOT NULL AUTO_INCREMENT,
  `id_siswa` int(10) NOT NULL,
  `id_bayar_metode` int(10) NOT NULL,
  `keterangan` text NOT NULL,
  `bukti` varchar(200) NOT NULL,
  `status_verifikasi` varchar(100) NOT NULL,
  `nominal_bayar` int(17) NOT NULL,
  `tanggal_bayar` date NOT NULL,
  `dibuat_pada` datetime NOT NULL DEFAULT current_timestamp(),
  `diubah_pada` datetime NOT NULL DEFAULT current_timestamp(),
  `dihapus_pada` datetime DEFAULT NULL,
  PRIMARY KEY (`id_bayar`)
) ENGINE=InnoDB AUTO_INCREMENT=21 DEFAULT CHARSET=latin1 COLLATE=latin1_swedish_ci;

INSERT INTO bayar VALUES
("1","6","1","via bca","2023_10_12_05_28_08_download.jpeg","Sudah Verifikasi","446000","2023-10-12","2023-10-12 11:28:08","2023-10-12 11:28:08",""),
("2","6","1","via bca","2023_10_12_05_36_52_Acer_Wallpaper_02_5000x2813.jpg","Sudah Verifikasi","2000000","2023-10-12","2023-10-12 11:36:52","2023-10-12 11:36:52",""),
("3","6","1","via bca","2023_10_17_04_47_24_2cba2b09-56b3-43eb-a503-f2665eba4b2b-removebg-preview.png","Sudah Verifikasi","500000","2023-10-17","2023-10-17 10:47:24","2023-10-17 10:47:24",""),
("4","3","1","via bca","2023_10_19_05_28_53_Acer_Wallpaper_01_5000x2814.jpg","Sudah Verifikasi","500000","2023-09-13","2023-10-19 11:28:53","2023-10-19 11:28:53",""),
("5","14","1","Via Mandiri","2023_10_19_05_30_34_Acer_Wallpaper_02_5000x2813.jpg","Sudah Verifikasi","500000","2023-10-11","2023-10-19 11:30:34","2023-10-19 11:30:34",""),
("6","7","1","mobil btn","2023_10_19_05_31_50_Acer_Wallpaper_03_5000x2814.jpg","Sudah Verifikasi","446000","2023-09-12","2023-10-19 11:31:50","2023-10-19 11:31:50",""),
("7","1","1","via bri","2023_10_19_05_33_00_Planet9_Wallpaper_5000x2813.jpg","Sudah Verifikasi","500000","2023-10-18","2023-10-19 11:33:00","2023-10-19 11:33:00",""),
("8","15","1","via bca","2023_10_19_05_33_53_Acer_Wallpaper_01_5000x2814.jpg","Sudah Verifikasi","446000","2023-09-14","2023-10-19 11:33:53","2023-10-19 11:33:53",""),
("9","16","1","via bri","2023_10_19_05_34_50_Acer_Wallpaper_03_5000x2814.jpg","Sudah Verifikasi","500000","2023-09-11","2023-10-19 11:34:50","2023-10-19 11:34:50",""),
("10","11","1","via mandiri","2023_10_19_05_35_54_Acer_Wallpaper_03_5000x2814.jpg","Sudah Verifikasi","1000000","2023-10-13","2023-10-19 11:35:54","2023-10-19 11:35:54",""),
("11","12","1","bank btn","2023_10_19_05_36_46_Planet9_Wallpaper_5000x2813.jpg","Sudah Verifikasi","446000","2023-10-12","2023-10-19 11:36:46","2023-10-19 11:36:46",""),
("12","17","1","bank btn","2023_10_19_05_37_52_Acer_Wallpaper_01_5000x2814.jpg","Sudah Verifikasi","1000000","2023-09-14","2023-10-19 11:37:52","2023-10-19 11:37:52",""),
("13","13","1","via bni","2023_10_19_05_38_41_Planet9_Wallpaper_5000x2813.jpg","Sudah Verifikasi","1000000","2023-10-17","2023-10-19 11:38:41","2023-10-19 11:38:41",""),
("14","10","1","via bri","2023_10_19_05_39_26_Acer_Wallpaper_01_5000x2814.jpg","Sudah Verifikasi","1000000","2023-09-13","2023-10-19 11:39:26","2023-10-19 11:39:26",""),
("15","8","1","bank btn","2023_10_19_05_40_18_Acer_Wallpaper_03_5000x2814.jpg","Sudah Verifikasi","500000","2023-10-04","2023-10-19 11:40:18","2023-10-19 11:40:18",""),
("16","9","1","via mandiri","2023_10_19_05_41_10_Planet9_Wallpaper_5000x2813.jpg","Sudah Verifikasi","500000","2023-09-12","2023-10-19 11:41:10","2023-10-19 11:41:10",""),
("17","18","1","via bri","2023_10_19_05_44_11_Acer_Wallpaper_03_5000x2814.jpg","Sudah Verifikasi","500000","2023-10-05","2023-10-19 11:44:11","2023-10-19 11:44:11",""),
("18","2","1","via bca","2023_10_19_05_45_07_Acer_Wallpaper_01_5000x2814.jpg","Sudah Verifikasi","500000","2023-10-11","2023-10-19 11:45:07","2023-10-19 11:45:07",""),
("19","20","1","via bri","2023_10_19_05_45_55_Acer_Wallpaper_03_5000x2814.jpg","Sudah Verifikasi","500000","2023-09-05","2023-10-19 11:45:55","2023-10-19 11:45:55",""),
("20","19","1","via bni","2023_10_19_05_49_15_Planet9_Wallpaper_5000x2813.jpg","Sudah Verifikasi","500000","2023-09-06","2023-10-19 11:49:15","2023-10-19 11:49:15","");

CREATE TABLE `bayar_alokasi` (
  `id_bayar_alokasi` int(10) NOT NULL AUTO_INCREMENT,
  `id_bayar` int(10) NOT NULL,
  `id_tagihan` int(10) NOT NULL,
  `total_alokasi` int(17) NOT NULL,
  `dialokasikan_oleh` varchar(100) NOT NULL,
  `dibuat_pada` datetime NOT NULL DEFAULT current_timestamp(),
  `diubah_pada` datetime NOT NULL DEFAULT current_timestamp(),
  `dihapus_pada` datetime DEFAULT NULL,
  PRIMARY KEY (`id_bayar_alokasi`)
) ENGINE=InnoDB AUTO_INCREMENT=41 DEFAULT CHARSET=utf8mb4 COLLATE=utf8mb4_general_ci;

INSERT INTO bayar_alokasi VALUES
("1","1","40","446000","Otomatis Oleh Sistem","2023-10-12 11:33:58","2023-10-12 11:33:58",""),
("2","2","41","446000","Otomatis Oleh Sistem","2023-10-12 11:37:59","2023-10-12 11:37:59",""),
("3","2","42","446000","Otomatis Oleh Sistem","2023-10-12 11:37:59","2023-10-12 11:37:59",""),
("4","2","49","1108000","Otomatis Oleh Sistem","2023-10-12 11:37:59","2023-10-12 11:37:59",""),
("5","3","49","500000","Otomatis Oleh Sistem","2023-10-17 10:47:24","2023-10-17 10:47:24",""),
("6","4","27","446000","Otomatis Oleh Sistem","2023-10-19 11:28:53","2023-10-19 11:28:53",""),
("7","4","28","54000","Otomatis Oleh Sistem","2023-10-19 11:28:53","2023-10-19 11:28:53",""),
("8","5","144","446000","Otomatis Oleh Sistem","2023-10-19 11:30:34","2023-10-19 11:30:34",""),
("9","5","145","54000","Otomatis Oleh Sistem","2023-10-19 11:30:34","2023-10-19 11:30:34",""),
("10","6","53","446000","Otomatis Oleh Sistem","2023-10-19 11:31:50","2023-10-19 11:31:50",""),
("11","7","1","446000","Otomatis Oleh Sistem","2023-10-19 11:33:00","2023-10-19 11:33:00",""),
("12","7","2","54000","Otomatis Oleh Sistem","2023-10-19 11:33:00","2023-10-19 11:33:00",""),
("13","8","157","446000","Otomatis Oleh Sistem","2023-10-19 11:33:53","2023-10-19 11:33:53",""),
("14","9","170","446000","Otomatis Oleh Sistem","2023-10-19 11:34:50","2023-10-19 11:34:50",""),
("15","9","171","54000","Otomatis Oleh Sistem","2023-10-19 11:34:50","2023-10-19 11:34:50",""),
("16","10","105","446000","Otomatis Oleh Sistem","2023-10-19 11:35:54","2023-10-19 11:35:54",""),
("17","10","106","446000","Otomatis Oleh Sistem","2023-10-19 11:35:54","2023-10-19 11:35:54",""),
("18","10","107","108000","Otomatis Oleh Sistem","2023-10-19 11:35:54","2023-10-19 11:35:54",""),
("19","11","118","446000","Otomatis Oleh Sistem","2023-10-19 11:36:46","2023-10-19 11:36:46",""),
("20","12","183","446000","Otomatis Oleh Sistem","2023-10-19 11:37:52","2023-10-19 11:37:52",""),
("21","12","184","446000","Otomatis Oleh Sistem","2023-10-19 11:37:52","2023-10-19 11:37:52",""),
("22","12","185","108000","Otomatis Oleh Sistem","2023-10-19 11:37:52","2023-10-19 11:37:52",""),
("23","13","131","446000","Otomatis Oleh Sistem","2023-10-19 11:38:41","2023-10-19 11:38:41",""),
("24","13","132","446000","Otomatis Oleh Sistem","2023-10-19 11:38:41","2023-10-19 11:38:41",""),
("25","13","133","108000","Otomatis Oleh Sistem","2023-10-19 11:38:41","2023-10-19 11:38:41",""),
("26","14","92","446000","Otomatis Oleh Sistem","2023-10-19 11:39:26","2023-10-19 11:39:26",""),
("27","14","93","446000","Otomatis Oleh Sistem","2023-10-19 11:39:26","2023-10-19 11:39:26",""),
("28","14","94","108000","Otomatis Oleh Sistem","2023-10-19 11:39:26","2023-10-19 11:39:26",""),
("29","15","66","446000","Otomatis Oleh Sistem","2023-10-19 11:40:18","2023-10-19 11:40:18",""),
("30","15","67","54000","Otomatis Oleh Sistem","2023-10-19 11:40:18","2023-10-19 11:40:18",""),
("31","16","79","446000","Otomatis Oleh Sistem","2023-10-19 11:41:10","2023-10-19 11:41:10",""),
("32","16","80","54000","Otomatis Oleh Sistem","2023-10-19 11:41:10","2023-10-19 11:41:10",""),
("33","17","196","446000","Otomatis Oleh Sistem","2023-10-19 11:44:11","2023-10-19 11:44:11",""),
("34","17","197","54000","Otomatis Oleh Sistem","2023-10-19 11:44:11","2023-10-19 11:44:11",""),
("35","18","14","446000","Otomatis Oleh Sistem","2023-10-19 11:45:07","2023-10-19 11:45:07",""),
("36","18","15","54000","Otomatis Oleh Sistem","2023-10-19 11:45:07","2023-10-19 11:45:07",""),
("37","19","222","446000","Otomatis Oleh Sistem","2023-10-19 11:45:55","2023-10-19 11:45:55",""),
("38","19","223","54000","Otomatis Oleh Sistem","2023-10-19 11:45:55","2023-10-19 11:45:55",""),
("39","20","209","446000","Otomatis Oleh Sistem","2023-10-19 11:49:15","2023-10-19 11:49:15",""),
("40","20","210","54000","Otomatis Oleh Sistem","2023-10-19 11:49:15","2023-10-19 11:49:15","");

CREATE TABLE `bayar_metode` (
  `id_bayar_metode` int(10) NOT NULL AUTO_INCREMENT,
  `metode` varchar(100) NOT NULL,
  `nomor_rekening` varchar(100) NOT NULL,
  `dibuat_pada` datetime NOT NULL DEFAULT current_timestamp(),
  `diubah_pada` datetime NOT NULL DEFAULT current_timestamp(),
  `dihapus_pada` datetime DEFAULT NULL,
  PRIMARY KEY (`id_bayar_metode`)
) ENGINE=InnoDB AUTO_INCREMENT=3 DEFAULT CHARSET=utf8mb4 COLLATE=utf8mb4_general_ci;

INSERT INTO bayar_metode VALUES
("1","Transfer Ke Bank BTN Rekening SMK Triatma Jaya Badung ","00555-01-30-0000028","2023-09-19 08:51:06","2023-09-19 08:51:06",""),
("2","Transfer Ke Bank BTN Rekening OSIS SMK Triatma Jaya Badung","00555-01-88-0000085","2023-09-19 08:51:06","2023-09-19 08:51:06","");

CREATE TABLE `biaya` (
  `id_biaya` int(10) NOT NULL AUTO_INCREMENT,
  `id_periode` int(10) NOT NULL,
  `deskripsi_biaya` varchar(200) NOT NULL,
  `jumlah_biaya` int(17) NOT NULL,
  `tanggal_jatuh_tempo` date NOT NULL,
  `tingkat` int(2) DEFAULT NULL,
  `id_jurusan` int(10) DEFAULT NULL,
  `dibuat_pada` datetime NOT NULL DEFAULT current_timestamp(),
  `diubah_pada` datetime NOT NULL DEFAULT current_timestamp(),
  `dihapus_pada` datetime DEFAULT NULL,
  PRIMARY KEY (`id_biaya`)
) ENGINE=InnoDB AUTO_INCREMENT=15 DEFAULT CHARSET=latin1 COLLATE=latin1_swedish_ci;

INSERT INTO biaya VALUES
("1","2","SPP Juli 2023","446000","2023-07-20","12","3","2023-08-29 11:56:00","2023-08-29 11:56:00",""),
("2","2","SPP Agustus 2023","446000","2023-08-20","12","3","2023-08-29 11:58:34","2023-08-29 11:58:34",""),
("3","2","SPP September 2023","446000","2023-09-20","12","3","2023-08-29 12:01:13","2023-08-29 12:01:13",""),
("5","2","SPP Oktober 2023","446000","2023-10-20","12","3","2023-08-30 11:45:57","2023-08-30 11:45:57",""),
("6","2","SPP November 2023","446000","2023-11-20","12","3","2023-08-30 11:46:38","2023-08-30 11:46:38",""),
("7","2","SPP Desember 2023","446000","2023-12-20","12","3","2023-08-30 11:47:14","2023-08-30 11:47:14",""),
("8","2","SPP Januari 2024","446000","2024-01-20","12","3","2023-08-30 11:47:55","2023-08-30 11:47:55",""),
("9","2","SPP Februari 2024","446000","2024-02-20","12","3","2023-08-30 11:48:34","2023-08-30 11:48:34",""),
("10","2","SPP Maret 2024","446000","2024-03-20","12","3","2023-08-30 11:49:38","2023-08-30 11:49:38",""),
("11","2","Uang Study Tour","2500000","2023-09-22","12","3","2023-08-30 11:51:02","2023-08-30 11:51:02",""),
("12","2","SPP April 2024","446000","2024-04-20","12","3","2023-08-30 12:09:14","2023-08-30 12:09:14",""),
("13","2","SPP Mei 2024","446000","2024-05-20","12","3","2023-08-30 12:10:00","2023-08-30 12:10:00",""),
("14","2","SPP Juni 2024","446000","2024-06-20","12","3","2023-08-30 12:10:37","2023-08-30 12:10:37","");

CREATE TABLE `jurusan` (
  `id_jurusan` int(10) NOT NULL AUTO_INCREMENT,
  `jurusan` varchar(100) NOT NULL,
  `dibuat_pada` datetime NOT NULL DEFAULT current_timestamp(),
  `diubah_pada` datetime NOT NULL DEFAULT current_timestamp(),
  `dihapus_pada` datetime DEFAULT NULL,
  PRIMARY KEY (`id_jurusan`)
) ENGINE=InnoDB AUTO_INCREMENT=5 DEFAULT CHARSET=utf8mb4 COLLATE=utf8mb4_general_ci;

INSERT INTO jurusan VALUES
("1","Kuliner","2023-09-05 08:13:44","2023-09-05 08:13:44",""),
("2","Perhotelan","2023-09-05 08:14:28","2023-09-05 08:14:28",""),
("3","Pengembangan Perangkat Lunak dan Gim","2023-09-05 08:14:28","2023-09-05 08:14:28",""),
("4","Kecantikan dan SPA","2023-09-05 08:14:57","2023-09-05 08:14:57","");

CREATE TABLE `periode` (
  `id_periode` int(10) NOT NULL AUTO_INCREMENT,
  `periode` varchar(100) NOT NULL,
  `tanggal_awal` date NOT NULL,
  `tanggal_akhir` date NOT NULL,
  `dibuat_pada` datetime NOT NULL DEFAULT current_timestamp(),
  `diubah_pada` datetime NOT NULL DEFAULT current_timestamp(),
  `dihapus_pada` datetime DEFAULT NULL,
  PRIMARY KEY (`id_periode`)
) ENGINE=InnoDB AUTO_INCREMENT=14 DEFAULT CHARSET=latin1 COLLATE=latin1_swedish_ci;

INSERT INTO periode VALUES
("1","Tahun Ajar 2022/2023","2022-07-01","2023-06-30","2023-07-26 11:25:45","2023-07-26 11:25:45",""),
("2","Tahun Ajar 2023/2024","2023-07-01","2024-06-30","2023-07-26 12:39:26","2023-07-26 12:39:26",""),
("3","Tahun Ajar 2024/2025","2024-07-01","2025-06-30","2023-08-22 11:09:57","2023-08-22 11:09:57",""),
("6","Tahun Ajar 2021/2022","2021-07-01","2022-06-30","2023-08-23 09:15:35","2023-08-23 09:15:35","");

CREATE TABLE `siswa` (
  `id_siswa` int(10) NOT NULL AUTO_INCREMENT,
  `nis` varchar(20) NOT NULL,
  `nama` varchar(200) NOT NULL,
  `kelas` varchar(50) NOT NULL,
  `tingkat` int(2) NOT NULL,
  `id_jurusan` int(10) NOT NULL,
  `alamat` text NOT NULL,
  `no_hp` varchar(20) NOT NULL,
  `email` varchar(50) NOT NULL,
  `dibuat_pada` datetime NOT NULL DEFAULT current_timestamp(),
  `diubah_pada` datetime NOT NULL DEFAULT current_timestamp(),
  `dihapus_pada` datetime DEFAULT NULL,
  PRIMARY KEY (`id_siswa`)
) ENGINE=InnoDB AUTO_INCREMENT=36 DEFAULT CHARSET=latin1 COLLATE=latin1_swedish_ci;

INSERT INTO siswa VALUES
("1","4953","Gede Andi Perayoga","XII PPLG","12","3","Br.Anyar Kaja, Kerobokan","087860635630","andi.yog@gmail.com","2023-08-23 11:44:03","2023-08-23 11:44:03",""),
("2","4964","Zaid Assya Yudah","XII PPLG","12","3","Jl. Tegal Dukuh Selatan, Denpasar","085738910245","zaidah@gmail.com","2023-08-23 11:44:09","2023-08-23 11:44:09",""),
("3","4950","Aline Syahfitri","XII PPLG","12","3","Denpasar","081805594344","aline.syhfitri@gmail.com","2023-08-23 11:44:25","2023-08-23 11:44:25",""),
("6","4956","Komang Risma Tri Pradnyani","XII  PPLG","12","3","Dalung Permai, Br.Tegal Sari","085792958529","praddonlyrsmaa@gmail.com","2023-09-04 20:41:21","2023-09-04 20:41:21",""),
("7","4952","Fibri Wiliana Putri","XII PPLG","12","3","Br.Kuwum Marga,Tabanan","081339682031","fib.putrii@gmail.com","2023-09-04 20:43:40","2023-09-04 20:43:40",""),
("8","4962","Ni Luh Putu Diah Martiani","XII PPLG","12","3","Dalung Permai, Br.Blubuh Sari","0895394536866","ptdiahh.martiani@gmail.com","2023-09-04 20:45:39","2023-09-04 20:45:39",""),
("9","4963","Ni Putu Nia Pradnya Oktaviani","XII PPLG","12","3","Tanah Lot, Tabanan,Br.Dukuh\r\n","089508466041","oktavianiprdny@gmail.com","2023-09-04 20:47:16","2023-09-04 20:47:16",""),
("10","4961","Ni Luh Chelsea Widyadari","XII PPLG","12","3","Br.Aseman Kangin,Canggu","087734632004","chelwidyadari@gmail.com","2023-09-04 20:48:38","2023-09-04 20:48:38",""),
("11","4957","Magdalena Febiayu Kantur","XII PPLG","12","3","Abianbase,Dalung","081246401384","magdelna.entinn@gmail.com","2023-09-04 20:50:26","2023-09-04 20:50:26",""),
("12","4958","Nasywa Ramadhani","XII PPLG","12","3","Monang Maning,Denpasar","085857972058","nasywa.ramadhani@gmail.com","2023-09-04 20:51:42","2023-09-04 20:51:42",""),
("13","4960","Ni Kadek Nina Antari","XII PPLG","12","3","Kapal,Mengwi","08985337373","ninaantari@gmail.com","2023-09-05 09:38:01","2023-09-05 09:38:01",""),
("14","4951","Bezaliel Cahya Yehuda","XII PPLG","12","3","Jl.Gunung Andakasa","085738055323","liellyehu@gmail.com","2023-09-05 11:19:28","2023-09-05 11:19:28",""),
("15","4954","I Gede Erik Fugianto Lila","XII PPLG","12","3","Jl.Kubu Gunung,Tegal Jaya","085973912032","eriklila@gmail.com","2023-09-05 11:30:23","2023-09-05 11:30:23",""),
("16","4955","I Putu Arya Ady Susena","XII PPLG","12","3","Jl.Padma Utara No.254","089661718111","aryasena@gmail.com","2023-09-05 11:32:13","2023-09-05 11:32:13",""),
("17","4959","Ni Kadek Dwi Swandewi","XII PPLG","12","3","Tibubeneng","087860052445","dwiswandewiii@gmail.com","2023-09-05 11:35:26","2023-09-05 11:35:26",""),
("18","4964","Williams Jacobus Felanuel","XII PPLG","12","3","Pesona Dalung Permai","081917913625","wiliiijacobb@gmail.com","2023-09-05 11:38:52","2023-09-05 11:38:52",""),
("19","4967","Ferrel Feivel Waworuntu","XII PPLG","12","3","Jl.Pura Demak, Denpasar","081239182412","feivelwawo@gmail.com","2023-09-05 11:40:52","2023-09-05 11:40:52",""),
("20","4966","Dewa Made Martha Abimayu","XII PPLG","12","3","Abianbase, Dalung","085738014584","dwmartha@gmail.com","2023-09-05 11:47:44","2023-09-05 11:47:44",""),
("21","4970","Ni Putu Sri Devina Mayuni","XII Perhotelan 2","12","2","Perumahan Cempaka Mas Blok T No.5 Dalung","081329750012","devinamyn@gmail.com","2023-09-12 09:15:46","2023-09-12 09:15:46",""),
("22","4971","Ida Bagus Made Pradnyana Kusuma","XII Perhotelan 1","12","2","Kaba-Kaba,Tabanan","087759318380","ibprdnyna@gmail.com","2023-09-12 09:17:53","2023-09-12 09:17:53",""),
("23","4972","Arista Shandy","XII Perhotelan 1","12","2","Pegending, Dalung","082266316139","aristashndy2@gmail.com","2023-09-12 09:19:37","2023-09-12 09:19:37",""),
("24","4973","Desinta Maharani","XII Perhotelan 1","12","2","Denpasar","085829250508","desintaa03@gmail.com","2023-09-12 09:21:32","2023-09-12 09:21:32",""),
("25","4975","Putu Linda","XII Perhotelan 1","12","2","Kerobokan","087720602083","dalinda@gmail.com","2023-09-12 09:23:39","2023-09-12 09:23:39",""),
("26","4976","Alvon Karido Pratama","XII Kuliner 2","12","1","Cemagi","082236297565","alvonkrido@gmail.com","2023-09-12 09:25:09","2023-09-12 09:25:09",""),
("27","4977","Angelica","XII Kuliner 2","12","1","Canggu","085876230159","angell@gmail.com","2023-09-12 09:26:30","2023-09-12 09:26:30",""),
("28","4978","Putu Bagus Wellson","XII Kuliner 1","12","1","Canggu","082146216001","dylonn@gmail.com","2023-09-12 09:28:14","2023-09-12 09:28:14",""),
("29","4979","I Komang Arya Candra","XII Kuliner 3","12","1","Canggu","087717306278","arcan@gmail.com","2023-09-12 09:29:17","2023-09-12 09:29:17",""),
("30","4980","Jesslyn Sealtiel","XII Kuliner 2","12","1","Cargo","085338725695","jesslynn@gmail.com","2023-09-12 09:31:42","2023-09-12 09:31:42",""),
("31","4981","Diah Gita","XII Kecantikan dan SPA","12","4","Grenceng","087750969312","yahgit@gmail.com","2023-09-12 09:33:34","2023-09-12 09:33:34",""),
("32","4982","Christin Oktaviani","XII Kecantikan dan SPA","12","4","Dalung","081938526501","vianiii34@gmail.com","2023-09-12 09:35:22","2023-09-12 09:35:22",""),
("33","4983","Ni Luh Sukri Wahyuni","XII Kecantikan dan SPA","12","4","Denpasar","081234567890","sukriyuni@gmail.com","2023-09-12 09:36:31","2023-09-12 09:36:31",""),
("34","4984","Komang Maena","XII Kecantikan dan SPA","12","4","Denpasar","083129959552","maena03@gmail.com","2023-09-12 09:38:05","2023-09-12 09:38:05",""),
("35","4985","Merry Kusuma Andriani","XII Kecantikan dan SPA","12","4","Denpasar","08976543210","merryy44@gmail.com","2023-09-12 09:39:14","2023-09-12 09:39:14","");

CREATE TABLE `tagihan` (
  `id_tagihan` int(10) NOT NULL AUTO_INCREMENT,
  `id_biaya` int(10) NOT NULL,
  `id_siswa` int(10) NOT NULL,
  `kelas` varchar(50) NOT NULL,
  `keterangan` varchar(200) NOT NULL,
  `potongan` int(20) NOT NULL DEFAULT 0,
  `total_terbayar` int(20) NOT NULL DEFAULT 0,
  `dibuat_pada` datetime NOT NULL DEFAULT current_timestamp(),
  `diubah_pada` datetime NOT NULL DEFAULT current_timestamp(),
  `dihapus_pada` datetime DEFAULT NULL,
  PRIMARY KEY (`id_tagihan`)
) ENGINE=InnoDB AUTO_INCREMENT=235 DEFAULT CHARSET=latin1 COLLATE=latin1_swedish_ci;

INSERT INTO tagihan VALUES
("1","1","1","XII PPLG","","0","446000","2023-10-12 11:27:02","2023-10-12 11:27:02",""),
("2","2","1","XII PPLG","","0","54000","2023-10-12 11:27:02","2023-10-12 11:27:02",""),
("3","3","1","XII PPLG","","0","0","2023-10-12 11:27:02","2023-10-12 11:27:02",""),
("4","5","1","XII PPLG","","0","0","2023-10-12 11:27:02","2023-10-12 11:27:02",""),
("5","6","1","XII PPLG","","0","0","2023-10-12 11:27:02","2023-10-12 11:27:02",""),
("6","7","1","XII PPLG","","0","0","2023-10-12 11:27:02","2023-10-12 11:27:02",""),
("7","8","1","XII PPLG","","0","0","2023-10-12 11:27:02","2023-10-12 11:27:02",""),
("8","9","1","XII PPLG","","0","0","2023-10-12 11:27:02","2023-10-12 11:27:02",""),
("9","10","1","XII PPLG","","0","0","2023-10-12 11:27:02","2023-10-12 11:27:02",""),
("10","11","1","XII PPLG","","0","0","2023-10-12 11:27:02","2023-10-12 11:27:02",""),
("11","12","1","XII PPLG","","0","0","2023-10-12 11:27:02","2023-10-12 11:27:02",""),
("12","13","1","XII PPLG","","0","0","2023-10-12 11:27:02","2023-10-12 11:27:02",""),
("13","14","1","XII PPLG","","0","0","2023-10-12 11:27:02","2023-10-12 11:27:02",""),
("14","1","2","XII PPLG","","0","446000","2023-10-12 11:27:02","2023-10-12 11:27:02",""),
("15","2","2","XII PPLG","","0","54000","2023-10-12 11:27:02","2023-10-12 11:27:02",""),
("16","3","2","XII PPLG","","0","0","2023-10-12 11:27:02","2023-10-12 11:27:02",""),
("17","5","2","XII PPLG","","0","0","2023-10-12 11:27:02","2023-10-12 11:27:02",""),
("18","6","2","XII PPLG","","0","0","2023-10-12 11:27:02","2023-10-12 11:27:02",""),
("19","7","2","XII PPLG","","0","0","2023-10-12 11:27:02","2023-10-12 11:27:02",""),
("20","8","2","XII PPLG","","0","0","2023-10-12 11:27:02","2023-10-12 11:27:02",""),
("21","9","2","XII PPLG","","0","0","2023-10-12 11:27:02","2023-10-12 11:27:02",""),
("22","10","2","XII PPLG","","0","0","2023-10-12 11:27:02","2023-10-12 11:27:02",""),
("23","11","2","XII PPLG","","0","0","2023-10-12 11:27:02","2023-10-12 11:27:02",""),
("24","12","2","XII PPLG","","0","0","2023-10-12 11:27:02","2023-10-12 11:27:02",""),
("25","13","2","XII PPLG","","0","0","2023-10-12 11:27:02","2023-10-12 11:27:02",""),
("26","14","2","XII PPLG","","0","0","2023-10-12 11:27:02","2023-10-12 11:27:02",""),
("27","1","3","XII PPLG","","0","446000","2023-10-12 11:27:02","2023-10-12 11:27:02",""),
("28","2","3","XII PPLG","","0","54000","2023-10-12 11:27:02","2023-10-12 11:27:02",""),
("29","3","3","XII PPLG","","0","0","2023-10-12 11:27:02","2023-10-12 11:27:02",""),
("30","5","3","XII PPLG","","0","0","2023-10-12 11:27:02","2023-10-12 11:27:02",""),
("31","6","3","XII PPLG","","0","0","2023-10-12 11:27:02","2023-10-12 11:27:02",""),
("32","7","3","XII PPLG","","0","0","2023-10-12 11:27:02","2023-10-12 11:27:02",""),
("33","8","3","XII PPLG","","0","0","2023-10-12 11:27:02","2023-10-12 11:27:02",""),
("34","9","3","XII PPLG","","0","0","2023-10-12 11:27:02","2023-10-12 11:27:02",""),
("35","10","3","XII PPLG","","0","0","2023-10-12 11:27:02","2023-10-12 11:27:02",""),
("36","11","3","XII PPLG","","0","0","2023-10-12 11:27:02","2023-10-12 11:27:02",""),
("37","12","3","XII PPLG","","0","0","2023-10-12 11:27:02","2023-10-12 11:27:02",""),
("38","13","3","XII PPLG","","0","0","2023-10-12 11:27:02","2023-10-12 11:27:02",""),
("39","14","3","XII PPLG","","0","0","2023-10-12 11:27:02","2023-10-12 11:27:02",""),
("40","1","6","XII  PPLG","","0","446000","2023-10-12 11:27:02","2023-10-12 11:27:02",""),
("41","2","6","XII  PPLG","","0","446000","2023-10-12 11:27:02","2023-10-12 11:27:02",""),
("42","3","6","XII  PPLG","","0","446000","2023-10-12 11:27:02","2023-10-12 11:27:02",""),
("43","5","6","XII  PPLG","","0","0","2023-10-12 11:27:02","2023-10-12 11:27:02",""),
("44","6","6","XII  PPLG","","0","0","2023-10-12 11:27:02","2023-10-12 11:27:02",""),
("45","7","6","XII  PPLG","","0","0","2023-10-12 11:27:02","2023-10-12 11:27:02",""),
("46","8","6","XII  PPLG","","0","0","2023-10-12 11:27:02","2023-10-12 11:27:02",""),
("47","9","6","XII  PPLG","","0","0","2023-10-12 11:27:02","2023-10-12 11:27:02",""),
("48","10","6","XII  PPLG","","0","0","2023-10-12 11:27:02","2023-10-12 11:27:02",""),
("49","11","6","XII  PPLG","","0","1608000","2023-10-12 11:27:02","2023-10-12 11:27:02",""),
("50","12","6","XII  PPLG","","0","0","2023-10-12 11:27:02","2023-10-12 11:27:02",""),
("51","13","6","XII  PPLG","","0","0","2023-10-12 11:27:02","2023-10-12 11:27:02",""),
("52","14","6","XII  PPLG","","0","0","2023-10-12 11:27:02","2023-10-12 11:27:02",""),
("53","1","7","XII PPLG","","0","446000","2023-10-12 11:27:02","2023-10-12 11:27:02",""),
("54","2","7","XII PPLG","","0","0","2023-10-12 11:27:02","2023-10-12 11:27:02",""),
("55","3","7","XII PPLG","","0","0","2023-10-12 11:27:02","2023-10-12 11:27:02",""),
("56","5","7","XII PPLG","","0","0","2023-10-12 11:27:02","2023-10-12 11:27:02",""),
("57","6","7","XII PPLG","","0","0","2023-10-12 11:27:02","2023-10-12 11:27:02",""),
("58","7","7","XII PPLG","","0","0","2023-10-12 11:27:02","2023-10-12 11:27:02",""),
("59","8","7","XII PPLG","","0","0","2023-10-12 11:27:02","2023-10-12 11:27:02",""),
("60","9","7","XII PPLG","","0","0","2023-10-12 11:27:02","2023-10-12 11:27:02",""),
("61","10","7","XII PPLG","","0","0","2023-10-12 11:27:02","2023-10-12 11:27:02",""),
("62","11","7","XII PPLG","","0","0","2023-10-12 11:27:02","2023-10-12 11:27:02",""),
("63","12","7","XII PPLG","","0","0","2023-10-12 11:27:02","2023-10-12 11:27:02",""),
("64","13","7","XII PPLG","","0","0","2023-10-12 11:27:02","2023-10-12 11:27:02",""),
("65","14","7","XII PPLG","","0","0","2023-10-12 11:27:02","2023-10-12 11:27:02",""),
("66","1","8","XII PPLG","","0","446000","2023-10-12 11:27:02","2023-10-12 11:27:02",""),
("67","2","8","XII PPLG","","0","54000","2023-10-12 11:27:02","2023-10-12 11:27:02",""),
("68","3","8","XII PPLG","","0","0","2023-10-12 11:27:02","2023-10-12 11:27:02",""),
("69","5","8","XII PPLG","","0","0","2023-10-12 11:27:02","2023-10-12 11:27:02",""),
("70","6","8","XII PPLG","","0","0","2023-10-12 11:27:02","2023-10-12 11:27:02",""),
("71","7","8","XII PPLG","","0","0","2023-10-12 11:27:02","2023-10-12 11:27:02",""),
("72","8","8","XII PPLG","","0","0","2023-10-12 11:27:02","2023-10-12 11:27:02",""),
("73","9","8","XII PPLG","","0","0","2023-10-12 11:27:02","2023-10-12 11:27:02",""),
("74","10","8","XII PPLG","","0","0","2023-10-12 11:27:02","2023-10-12 11:27:02",""),
("75","11","8","XII PPLG","","0","0","2023-10-12 11:27:02","2023-10-12 11:27:02",""),
("76","12","8","XII PPLG","","0","0","2023-10-12 11:27:02","2023-10-12 11:27:02",""),
("77","13","8","XII PPLG","","0","0","2023-10-12 11:27:02","2023-10-12 11:27:02",""),
("78","14","8","XII PPLG","","0","0","2023-10-12 11:27:02","2023-10-12 11:27:02",""),
("79","1","9","XII PPLG","","0","446000","2023-10-12 11:27:02","2023-10-12 11:27:02",""),
("80","2","9","XII PPLG","","0","54000","2023-10-12 11:27:02","2023-10-12 11:27:02",""),
("81","3","9","XII PPLG","","0","0","2023-10-12 11:27:02","2023-10-12 11:27:02",""),
("82","5","9","XII PPLG","","0","0","2023-10-12 11:27:02","2023-10-12 11:27:02",""),
("83","6","9","XII PPLG","","0","0","2023-10-12 11:27:02","2023-10-12 11:27:02",""),
("84","7","9","XII PPLG","","0","0","2023-10-12 11:27:02","2023-10-12 11:27:02",""),
("85","8","9","XII PPLG","","0","0","2023-10-12 11:27:02","2023-10-12 11:27:02",""),
("86","9","9","XII PPLG","","0","0","2023-10-12 11:27:02","2023-10-12 11:27:02",""),
("87","10","9","XII PPLG","","0","0","2023-10-12 11:27:02","2023-10-12 11:27:02",""),
("88","11","9","XII PPLG","","0","0","2023-10-12 11:27:02","2023-10-12 11:27:02",""),
("89","12","9","XII PPLG","","0","0","2023-10-12 11:27:02","2023-10-12 11:27:02",""),
("90","13","9","XII PPLG","","0","0","2023-10-12 11:27:02","2023-10-12 11:27:02",""),
("91","14","9","XII PPLG","","0","0","2023-10-12 11:27:02","2023-10-12 11:27:02",""),
("92","1","10","XII PPLG","","0","446000","2023-10-12 11:27:02","2023-10-12 11:27:02",""),
("93","2","10","XII PPLG","","0","446000","2023-10-12 11:27:02","2023-10-12 11:27:02",""),
("94","3","10","XII PPLG","","0","108000","2023-10-12 11:27:02","2023-10-12 11:27:02",""),
("95","5","10","XII PPLG","","0","0","2023-10-12 11:27:02","2023-10-12 11:27:02",""),
("96","6","10","XII PPLG","","0","0","2023-10-12 11:27:02","2023-10-12 11:27:02",""),
("97","7","10","XII PPLG","","0","0","2023-10-12 11:27:02","2023-10-12 11:27:02",""),
("98","8","10","XII PPLG","","0","0","2023-10-12 11:27:02","2023-10-12 11:27:02",""),
("99","9","10","XII PPLG","","0","0","2023-10-12 11:27:02","2023-10-12 11:27:02",""),
("100","10","10","XII PPLG","","0","0","2023-10-12 11:27:02","2023-10-12 11:27:02","");
INSERT INTO tagihan VALUES
("101","11","10","XII PPLG","","0","0","2023-10-12 11:27:02","2023-10-12 11:27:02",""),
("102","12","10","XII PPLG","","0","0","2023-10-12 11:27:02","2023-10-12 11:27:02",""),
("103","13","10","XII PPLG","","0","0","2023-10-12 11:27:02","2023-10-12 11:27:02",""),
("104","14","10","XII PPLG","","0","0","2023-10-12 11:27:02","2023-10-12 11:27:02",""),
("105","1","11","XII PPLG","","0","446000","2023-10-12 11:27:02","2023-10-12 11:27:02",""),
("106","2","11","XII PPLG","","0","446000","2023-10-12 11:27:02","2023-10-12 11:27:02",""),
("107","3","11","XII PPLG","","0","108000","2023-10-12 11:27:02","2023-10-12 11:27:02",""),
("108","5","11","XII PPLG","","0","0","2023-10-12 11:27:02","2023-10-12 11:27:02",""),
("109","6","11","XII PPLG","","0","0","2023-10-12 11:27:02","2023-10-12 11:27:02",""),
("110","7","11","XII PPLG","","0","0","2023-10-12 11:27:02","2023-10-12 11:27:02",""),
("111","8","11","XII PPLG","","0","0","2023-10-12 11:27:02","2023-10-12 11:27:02",""),
("112","9","11","XII PPLG","","0","0","2023-10-12 11:27:02","2023-10-12 11:27:02",""),
("113","10","11","XII PPLG","","0","0","2023-10-12 11:27:02","2023-10-12 11:27:02",""),
("114","11","11","XII PPLG","","0","0","2023-10-12 11:27:02","2023-10-12 11:27:02",""),
("115","12","11","XII PPLG","","0","0","2023-10-12 11:27:02","2023-10-12 11:27:02",""),
("116","13","11","XII PPLG","","0","0","2023-10-12 11:27:02","2023-10-12 11:27:02",""),
("117","14","11","XII PPLG","","0","0","2023-10-12 11:27:02","2023-10-12 11:27:02",""),
("118","1","12","XII PPLG","","0","446000","2023-10-12 11:27:02","2023-10-12 11:27:02",""),
("119","2","12","XII PPLG","","0","0","2023-10-12 11:27:02","2023-10-12 11:27:02",""),
("120","3","12","XII PPLG","","0","0","2023-10-12 11:27:02","2023-10-12 11:27:02",""),
("121","5","12","XII PPLG","","0","0","2023-10-12 11:27:02","2023-10-12 11:27:02",""),
("122","6","12","XII PPLG","","0","0","2023-10-12 11:27:02","2023-10-12 11:27:02",""),
("123","7","12","XII PPLG","","0","0","2023-10-12 11:27:02","2023-10-12 11:27:02",""),
("124","8","12","XII PPLG","","0","0","2023-10-12 11:27:02","2023-10-12 11:27:02",""),
("125","9","12","XII PPLG","","0","0","2023-10-12 11:27:02","2023-10-12 11:27:02",""),
("126","10","12","XII PPLG","","0","0","2023-10-12 11:27:02","2023-10-12 11:27:02",""),
("127","11","12","XII PPLG","","0","0","2023-10-12 11:27:02","2023-10-12 11:27:02",""),
("128","12","12","XII PPLG","","0","0","2023-10-12 11:27:02","2023-10-12 11:27:02",""),
("129","13","12","XII PPLG","","0","0","2023-10-12 11:27:02","2023-10-12 11:27:02",""),
("130","14","12","XII PPLG","","0","0","2023-10-12 11:27:02","2023-10-12 11:27:02",""),
("131","1","13","XII PPLG","","0","446000","2023-10-12 11:27:02","2023-10-12 11:27:02",""),
("132","2","13","XII PPLG","","0","446000","2023-10-12 11:27:02","2023-10-12 11:27:02",""),
("133","3","13","XII PPLG","","0","108000","2023-10-12 11:27:02","2023-10-12 11:27:02",""),
("134","5","13","XII PPLG","","0","0","2023-10-12 11:27:02","2023-10-12 11:27:02",""),
("135","6","13","XII PPLG","","0","0","2023-10-12 11:27:02","2023-10-12 11:27:02",""),
("136","7","13","XII PPLG","","0","0","2023-10-12 11:27:02","2023-10-12 11:27:02",""),
("137","8","13","XII PPLG","","0","0","2023-10-12 11:27:02","2023-10-12 11:27:02",""),
("138","9","13","XII PPLG","","0","0","2023-10-12 11:27:02","2023-10-12 11:27:02",""),
("139","10","13","XII PPLG","","0","0","2023-10-12 11:27:02","2023-10-12 11:27:02",""),
("140","11","13","XII PPLG","","0","0","2023-10-12 11:27:02","2023-10-12 11:27:02",""),
("141","12","13","XII PPLG","","0","0","2023-10-12 11:27:02","2023-10-12 11:27:02",""),
("142","13","13","XII PPLG","","0","0","2023-10-12 11:27:02","2023-10-12 11:27:02",""),
("143","14","13","XII PPLG","","0","0","2023-10-12 11:27:02","2023-10-12 11:27:02",""),
("144","1","14","XII PPLG","","0","446000","2023-10-12 11:27:02","2023-10-12 11:27:02",""),
("145","2","14","XII PPLG","","0","54000","2023-10-12 11:27:02","2023-10-12 11:27:02",""),
("146","3","14","XII PPLG","","0","0","2023-10-12 11:27:02","2023-10-12 11:27:02",""),
("147","5","14","XII PPLG","","0","0","2023-10-12 11:27:02","2023-10-12 11:27:02",""),
("148","6","14","XII PPLG","","0","0","2023-10-12 11:27:02","2023-10-12 11:27:02",""),
("149","7","14","XII PPLG","","0","0","2023-10-12 11:27:02","2023-10-12 11:27:02",""),
("150","8","14","XII PPLG","","0","0","2023-10-12 11:27:02","2023-10-12 11:27:02",""),
("151","9","14","XII PPLG","","0","0","2023-10-12 11:27:02","2023-10-12 11:27:02",""),
("152","10","14","XII PPLG","","0","0","2023-10-12 11:27:02","2023-10-12 11:27:02",""),
("153","11","14","XII PPLG","","0","0","2023-10-12 11:27:02","2023-10-12 11:27:02",""),
("154","12","14","XII PPLG","","0","0","2023-10-12 11:27:02","2023-10-12 11:27:02",""),
("155","13","14","XII PPLG","","0","0","2023-10-12 11:27:02","2023-10-12 11:27:02",""),
("156","14","14","XII PPLG","","0","0","2023-10-12 11:27:02","2023-10-12 11:27:02",""),
("157","1","15","XII PPLG","","0","446000","2023-10-12 11:27:02","2023-10-12 11:27:02",""),
("158","2","15","XII PPLG","","0","0","2023-10-12 11:27:02","2023-10-12 11:27:02",""),
("159","3","15","XII PPLG","","0","0","2023-10-12 11:27:02","2023-10-12 11:27:02",""),
("160","5","15","XII PPLG","","0","0","2023-10-12 11:27:02","2023-10-12 11:27:02",""),
("161","6","15","XII PPLG","","0","0","2023-10-12 11:27:02","2023-10-12 11:27:02",""),
("162","7","15","XII PPLG","","0","0","2023-10-12 11:27:02","2023-10-12 11:27:02",""),
("163","8","15","XII PPLG","","0","0","2023-10-12 11:27:02","2023-10-12 11:27:02",""),
("164","9","15","XII PPLG","","0","0","2023-10-12 11:27:02","2023-10-12 11:27:02",""),
("165","10","15","XII PPLG","","0","0","2023-10-12 11:27:02","2023-10-12 11:27:02",""),
("166","11","15","XII PPLG","","0","0","2023-10-12 11:27:02","2023-10-12 11:27:02",""),
("167","12","15","XII PPLG","","0","0","2023-10-12 11:27:02","2023-10-12 11:27:02",""),
("168","13","15","XII PPLG","","0","0","2023-10-12 11:27:02","2023-10-12 11:27:02",""),
("169","14","15","XII PPLG","","0","0","2023-10-12 11:27:02","2023-10-12 11:27:02",""),
("170","1","16","XII PPLG","","0","446000","2023-10-12 11:27:02","2023-10-12 11:27:02",""),
("171","2","16","XII PPLG","","0","54000","2023-10-12 11:27:02","2023-10-12 11:27:02",""),
("172","3","16","XII PPLG","","0","0","2023-10-12 11:27:02","2023-10-12 11:27:02",""),
("173","5","16","XII PPLG","","0","0","2023-10-12 11:27:02","2023-10-12 11:27:02",""),
("174","6","16","XII PPLG","","0","0","2023-10-12 11:27:02","2023-10-12 11:27:02",""),
("175","7","16","XII PPLG","","0","0","2023-10-12 11:27:02","2023-10-12 11:27:02",""),
("176","8","16","XII PPLG","","0","0","2023-10-12 11:27:02","2023-10-12 11:27:02",""),
("177","9","16","XII PPLG","","0","0","2023-10-12 11:27:02","2023-10-12 11:27:02",""),
("178","10","16","XII PPLG","","0","0","2023-10-12 11:27:02","2023-10-12 11:27:02",""),
("179","11","16","XII PPLG","","0","0","2023-10-12 11:27:02","2023-10-12 11:27:02",""),
("180","12","16","XII PPLG","","0","0","2023-10-12 11:27:02","2023-10-12 11:27:02",""),
("181","13","16","XII PPLG","","0","0","2023-10-12 11:27:02","2023-10-12 11:27:02",""),
("182","14","16","XII PPLG","","0","0","2023-10-12 11:27:02","2023-10-12 11:27:02",""),
("183","1","17","XII PPLG","","0","446000","2023-10-12 11:27:02","2023-10-12 11:27:02",""),
("184","2","17","XII PPLG","","0","446000","2023-10-12 11:27:02","2023-10-12 11:27:02",""),
("185","3","17","XII PPLG","","0","108000","2023-10-12 11:27:02","2023-10-12 11:27:02",""),
("186","5","17","XII PPLG","","0","0","2023-10-12 11:27:02","2023-10-12 11:27:02",""),
("187","6","17","XII PPLG","","0","0","2023-10-12 11:27:02","2023-10-12 11:27:02",""),
("188","7","17","XII PPLG","","0","0","2023-10-12 11:27:02","2023-10-12 11:27:02",""),
("189","8","17","XII PPLG","","0","0","2023-10-12 11:27:02","2023-10-12 11:27:02",""),
("190","9","17","XII PPLG","","0","0","2023-10-12 11:27:02","2023-10-12 11:27:02",""),
("191","10","17","XII PPLG","","0","0","2023-10-12 11:27:02","2023-10-12 11:27:02",""),
("192","11","17","XII PPLG","","0","0","2023-10-12 11:27:02","2023-10-12 11:27:02",""),
("193","12","17","XII PPLG","","0","0","2023-10-12 11:27:02","2023-10-12 11:27:02",""),
("194","13","17","XII PPLG","","0","0","2023-10-12 11:27:02","2023-10-12 11:27:02",""),
("195","14","17","XII PPLG","","0","0","2023-10-12 11:27:02","2023-10-12 11:27:02",""),
("196","1","18","XII PPLG","","0","446000","2023-10-12 11:27:02","2023-10-12 11:27:02",""),
("197","2","18","XII PPLG","","0","54000","2023-10-12 11:27:02","2023-10-12 11:27:02",""),
("198","3","18","XII PPLG","","0","0","2023-10-12 11:27:02","2023-10-12 11:27:02",""),
("199","5","18","XII PPLG","","0","0","2023-10-12 11:27:02","2023-10-12 11:27:02",""),
("200","6","18","XII PPLG","","0","0","2023-10-12 11:27:02","2023-10-12 11:27:02","");
INSERT INTO tagihan VALUES
("201","7","18","XII PPLG","","0","0","2023-10-12 11:27:02","2023-10-12 11:27:02",""),
("202","8","18","XII PPLG","","0","0","2023-10-12 11:27:02","2023-10-12 11:27:02",""),
("203","9","18","XII PPLG","","0","0","2023-10-12 11:27:02","2023-10-12 11:27:02",""),
("204","10","18","XII PPLG","","0","0","2023-10-12 11:27:02","2023-10-12 11:27:02",""),
("205","11","18","XII PPLG","","0","0","2023-10-12 11:27:02","2023-10-12 11:27:02",""),
("206","12","18","XII PPLG","","0","0","2023-10-12 11:27:02","2023-10-12 11:27:02",""),
("207","13","18","XII PPLG","","0","0","2023-10-12 11:27:02","2023-10-12 11:27:02",""),
("208","14","18","XII PPLG","","0","0","2023-10-12 11:27:02","2023-10-12 11:27:02",""),
("209","1","19","XII PPLG","","0","446000","2023-10-12 11:27:02","2023-10-12 11:27:02",""),
("210","2","19","XII PPLG","","0","54000","2023-10-12 11:27:02","2023-10-12 11:27:02",""),
("211","3","19","XII PPLG","","0","0","2023-10-12 11:27:02","2023-10-12 11:27:02",""),
("212","5","19","XII PPLG","","0","0","2023-10-12 11:27:02","2023-10-12 11:27:02",""),
("213","6","19","XII PPLG","","0","0","2023-10-12 11:27:02","2023-10-12 11:27:02",""),
("214","7","19","XII PPLG","","0","0","2023-10-12 11:27:02","2023-10-12 11:27:02",""),
("215","8","19","XII PPLG","","0","0","2023-10-12 11:27:02","2023-10-12 11:27:02",""),
("216","9","19","XII PPLG","","0","0","2023-10-12 11:27:02","2023-10-12 11:27:02",""),
("217","10","19","XII PPLG","","0","0","2023-10-12 11:27:02","2023-10-12 11:27:02",""),
("218","11","19","XII PPLG","","0","0","2023-10-12 11:27:02","2023-10-12 11:27:02",""),
("219","12","19","XII PPLG","","0","0","2023-10-12 11:27:02","2023-10-12 11:27:02",""),
("220","13","19","XII PPLG","","0","0","2023-10-12 11:27:02","2023-10-12 11:27:02",""),
("221","14","19","XII PPLG","","0","0","2023-10-12 11:27:02","2023-10-12 11:27:02",""),
("222","1","20","XII PPLG","","0","446000","2023-10-12 11:27:02","2023-10-12 11:27:02",""),
("223","2","20","XII PPLG","","0","54000","2023-10-12 11:27:02","2023-10-12 11:27:02",""),
("224","3","20","XII PPLG","","0","0","2023-10-12 11:27:02","2023-10-12 11:27:02",""),
("225","5","20","XII PPLG","","0","0","2023-10-12 11:27:02","2023-10-12 11:27:02",""),
("226","6","20","XII PPLG","","0","0","2023-10-12 11:27:02","2023-10-12 11:27:02",""),
("227","7","20","XII PPLG","","0","0","2023-10-12 11:27:02","2023-10-12 11:27:02",""),
("228","8","20","XII PPLG","","0","0","2023-10-12 11:27:02","2023-10-12 11:27:02",""),
("229","9","20","XII PPLG","","0","0","2023-10-12 11:27:02","2023-10-12 11:27:02",""),
("230","10","20","XII PPLG","","0","0","2023-10-12 11:27:02","2023-10-12 11:27:02",""),
("231","11","20","XII PPLG","","0","0","2023-10-12 11:27:02","2023-10-12 11:27:02",""),
("232","12","20","XII PPLG","","0","0","2023-10-12 11:27:02","2023-10-12 11:27:02",""),
("233","13","20","XII PPLG","","0","0","2023-10-12 11:27:02","2023-10-12 11:27:02",""),
("234","14","20","XII PPLG","","0","0","2023-10-12 11:27:02","2023-10-12 11:27:02","");

CREATE TABLE `user` (
  `id_user` int(10) NOT NULL AUTO_INCREMENT,
  `nama` varchar(200) NOT NULL,
  `username` varchar(200) NOT NULL,
  `password` varchar(200) NOT NULL,
  `hak_akses` int(1) NOT NULL,
  `dibuat_pada` datetime NOT NULL DEFAULT current_timestamp(),
  `diubah_pada` datetime NOT NULL DEFAULT current_timestamp(),
  `dihapus_pada` datetime DEFAULT NULL,
  PRIMARY KEY (`id_user`)
) ENGINE=InnoDB AUTO_INCREMENT=2 DEFAULT CHARSET=latin1 COLLATE=latin1_swedish_ci;

INSERT INTO user VALUES
("1","Risma Pradnyani","adminxx","123456","2","2023-08-29 12:18:05","2023-08-29 12:18:05","");